{"meta":{"nodes":415,"classes":["Air Squat","Rest","Shoulder Press","Shuttle Run"]},"f":[0,8,12,8,2,7,-2,-2,1,7,-2,-2,6,-2,8,-2,-2,10,15,11,10,-2,-2,-2,2,3,-2,-2,-2,13,-2,2,-2,3,7,14,14,-2,-2,-2,-2,2,-2,-2,11,10,14,11,8,10,-2,-2,-2,15,-2,4,4,-2,15,2,-2,10,-2,7,-2,14,-2,-2,-2,10,-2,-2,19,-2,5,-2,-2,0,15,-2,5,9,-2,12,-2,-2,-2,10,11,18,-2,-2,-2,15,15,-2,-2,19,19,-2,-2,-2,15,14,13,-2,-2,-2,12,13,-2,4,-2,-2,-2,9,15,-2,15,13,-2,9,7,3,10,8,12,5,2,18,-2,-2,17,-2,-2,12,-2,-2,1,-2,-2,-2,-2,14,-2,-2,14,-2,6,-2,6,-2,-2,14,-2,12,-2,1,-2,2,-2,-2,14,13,10,15,-2,-2,6,-2,-2,1,10,-2,-2,-2,6,-2,-2,10,19,14,-2,-2,10,8,10,9,-2,-2,-2,14,-2,-2,13,2,5,-2,-2,-2,18,9,-2,-2,-2,17,5,-2,-2,-2,19,11,2,-2,8,1,-2,7,0,-2,-2,15,6,-2,13,7,-2,1,-2,-2,4,2,0,4,-2,-2,-2,-2,-2,-2,18,-2,6,-2,-2,10,11,3,-2,2,-2,-2,10,13,0,2,-2,-2,-2,13,-2,-2,17,6,-2,-2,-2,3,-2,6,-2,8,15,-2,-2,10,-2,-2,10,12,10,13,9,15,-2,-2,-2,0,-2,8,18,10,0,0,-2,-2,-2,-2,16,15,-2,-2,-2,12,-2,12,-2,13,13,-2,-2,-2,15,-2,-2,11,0,0,-2,-2,-2,0,19,-2,-2,8,7,-2,-2,-2,14,14,12,9,-2,14,13,11,-2,-2,14,-2,19,-2,-2,-2,6,1,6,-2,-2,-2,15,-2,-2,0,8,6,10,-2,-2,-2,9,16,-2,2,-2,-2,17,-2,-2,13,8,-2,-2,12,9,14,-2,-2,6,8,11,-2,11,-2,8,-2,7,-2,-2,8,-2,-2,6,-2,11,-2,-2,12,-2,10,-2,-2,0,19,4,-2,-2,8,13,-2,-2,-2,-2],"t":[184.06727600097656,124.83927917480469,87.52032089233398,23.954829216003418,278.3054656982422,326.126953125,-2.0,-2.0,-32.470603942871094,345.09471130371094,-2.0,-2.0,-13.801461216062307,-2.0,11.256474494934082,-2.0,-2.0,31.78838348388672,-91.45154190063477,-125.99882507324219,24.910688400268555,-2.0,-2.0,-2.0,465.5807189941406,106.18555450439453,-2.0,-2.0,-2.0,-276.68192291259766,-2.0,181.9224853515625,-2.0,124.32377624511719,578.8663940429688,24.02395725250244,23.637554168701172,-2.0,-2.0,-2.0,-2.0,453.58604431152344,-2.0,-2.0,-60.63608360290527,82.00078201293945,147.33775329589844,-161.8780746459961,109.59157180786133,81.3212776184082,-2.0,-2.0,-2.0,-160.78336334228516,-2.0,39.622249603271484,-57.80727577209473,-2.0,-42.98380470275879,247.56613159179688,-2.0,14.561526775360107,-2.0,257.4124984741211,-2.0,32.36008548736572,-2.0,-2.0,-2.0,30.635107040405273,-2.0,-2.0,1262.8372192382812,-2.0,262.27410888671875,-2.0,-2.0,146.53862762451172,-197.18927001953125,-2.0,401.83460998535156,51.617258071899414,-2.0,241.98060607910156,-2.0,-2.0,-2.0,88.76713180541992,-120.85986709594727,3.0,-2.0,-2.0,-2.0,-241.54988861083984,-247.13346099853516,-2.0,-2.0,838.0764770507812,836.4902038574219,-2.0,-2.0,-2.0,-110.6873779296875,151.87035369873047,-43.51023864746094,-2.0,-2.0,-2.0,202.56377410888672,-43.52562427520752,-2.0,-16.68943452835083,-2.0,-2.0,-2.0,77.36195755004883,-270.5716857910156,-2.0,-172.6340789794922,-244.74411010742188,-2.0,75.03619766235352,460.03248596191406,123.56467056274414,255.30394744873047,194.20825958251953,201.4363021850586,476.26072692871094,516.8042449951172,7.5,-2.0,-2.0,1194.865234375,-2.0,-2.0,121.71684646606445,-2.0,-2.0,3.4047659635543823,-2.0,-2.0,-2.0,-2.0,247.38501739501953,-2.0,-2.0,138.29645538330078,-2.0,-25.630969047546387,-2.0,36.778940200805664,-2.0,-2.0,226.2720184326172,-2.0,103.3208122253418,-2.0,-47.550994873046875,-2.0,543.2616271972656,-2.0,-2.0,228.23265075683594,-180.12338256835938,158.0946044921875,-151.07585906982422,-2.0,-2.0,-43.23045349121094,-2.0,-2.0,52.29715156555176,86.91567420959473,-2.0,-2.0,-2.0,-43.11989784240723,-2.0,-2.0,267.64122009277344,1463.5413818359375,228.16539001464844,-2.0,-2.0,94.5869369506836,151.86978149414062,92.76571655273438,81.12262725830078,-2.0,-2.0,-2.0,198.8903350830078,-2.0,-2.0,-279.1536560058594,405.79803466796875,341.1194763183594,-2.0,-2.0,-2.0,5.5,77.6308479309082,-2.0,-2.0,-2.0,1413.4976196289062,343.17822265625,-2.0,-2.0,-2.0,375.31060791015625,-32.40579605102539,329.0478057861328,-2.0,34.151262283325195,-66.1251220703125,-2.0,269.97900390625,194.30052185058594,-2.0,-2.0,-10.717787265777588,-115.99979782104492,-2.0,-28.986165046691895,509.36463928222656,-2.0,-1.1745662689208984,-2.0,-2.0,83.88594818115234,599.4858093261719,186.25291442871094,19.06169319152832,-2.0,-2.0,-2.0,-2.0,-2.0,-2.0,5.5,-2.0,-81.37838363647461,-2.0,-2.0,36.416696548461914,-28.776668548583984,103.16093826293945,-2.0,553.4765930175781,-2.0,-2.0,30.751376152038574,-0.5637924671173096,204.34032440185547,516.3713989257812,-2.0,-2.0,-2.0,-0.5437335669994354,-2.0,-2.0,1781.0684204101562,88.03413200378418,-2.0,-2.0,-2.0,104.29192352294922,-2.0,-81.88990020751953,-2.0,23.12961196899414,-7.877275705337524,-2.0,-2.0,45.124013900756836,-2.0,-2.0,45.07841110229492,87.86359405517578,44.72500991821289,-136.4400863647461,63.74808120727539,-126.83687973022461,-2.0,-2.0,-2.0,184.90228271484375,-2.0,30.059941291809082,1.0791009068489075,41.242082595825195,193.83683013916016,190.5549087524414,-2.0,-2.0,-2.0,-2.0,3.5,-41.84184646606445,-2.0,-2.0,-2.0,64.52445793151855,-2.0,65.50519943237305,-2.0,-78.55770111083984,-86.82894134521484,-2.0,-2.0,-2.0,-51.97601890563965,-2.0,-2.0,-82.98006057739258,190.73342895507812,186.1849136352539,-2.0,-2.0,-2.0,214.179931640625,1613.8378295898438,-2.0,-2.0,37.92806625366211,475.23106384277344,-2.0,-2.0,-2.0,238.3461456298828,32.87615776062012,57.55974006652832,16.13998031616211,-2.0,32.74170112609863,-201.29744720458984,-67.65436553955078,-2.0,-2.0,31.209044456481934,-2.0,511.8966979980469,-2.0,-2.0,-2.0,90.20051193237305,100.69231796264648,48.35194778442383,-2.0,-2.0,-2.0,-81.4023265838623,-2.0,-2.0,190.18340301513672,129.69503784179688,75.64289474487305,249.2881622314453,-2.0,-2.0,-2.0,65.98983764648438,2.0,-2.0,305.62721252441406,-2.0,-2.0,883.101318359375,-2.0,-2.0,-226.64862060546875,79.12541580200195,-2.0,-2.0,185.21133422851562,16.795217514038086,42.56241226196289,-2.0,-2.0,79.78721237182617,149.11558532714844,-20.93886947631836,-2.0,-20.91710662841797,-2.0,100.41062545776367,-2.0,590.6975402832031,-2.0,-2.0,149.1958770751953,-2.0,-2.0,80.43170928955078,-2.0,-229.9652099609375,-2.0,-2.0,185.8472671508789,-2.0,75.84146118164062,-2.0,-2.0,198.2778549194336,1643.0095825195312,-19.58424663543701,-2.0,-2.0,175.30560302734375,-280.8784942626953,-2.0,-2.0,-2.0,-2.0],"l":[1,2,3,4,5,6,-1,-1,9,10,-1,-1,13,-1,15,-1,-1,18,19,20,21,-1,-1,-1,25,26,-1,-1,-1,30,-1,32,-1,34,35,36,37,-1,-1,-1,-1,42,-1,-1,45,46,47,48,49,50,-1,-1,-1,54,-1,56,57,-1,59,60,-1,62,-1,64,-1,66,-1,-1,-1,70,-1,-1,73,-1,75,-1,-1,78,79,-1,81,82,-1,84,-1,-1,-1,88,89,90,-1,-1,-1,94,95,-1,-1,98,99,-1,-1,-1,103,104,105,-1,-1,-1,109,110,-1,112,-1,-1,-1,116,117,-1,119,120,-1,122,123,124,125,126,127,128,129,130,-1,-1,133,-1,-1,136,-1,-1,139,-1,-1,-1,-1,144,-1,-1,147,-1,149,-1,151,-1,-1,154,-1,156,-1,158,-1,160,-1,-1,163,164,165,166,-1,-1,169,-1,-1,172,173,-1,-1,-1,177,-1,-1,180,181,182,-1,-1,185,186,187,188,-1,-1,-1,192,-1,-1,195,196,197,-1,-1,-1,201,202,-1,-1,-1,206,207,-1,-1,-1,211,212,213,-1,215,216,-1,218,219,-1,-1,222,223,-1,225,226,-1,228,-1,-1,231,232,233,234,-1,-1,-1,-1,-1,-1,241,-1,243,-1,-1,246,247,248,-1,250,-1,-1,253,254,255,256,-1,-1,-1,260,-1,-1,263,264,-1,-1,-1,268,-1,270,-1,272,273,-1,-1,276,-1,-1,279,280,281,282,283,284,-1,-1,-1,288,-1,290,291,292,293,294,-1,-1,-1,-1,299,300,-1,-1,-1,304,-1,306,-1,308,309,-1,-1,-1,313,-1,-1,316,317,318,-1,-1,-1,322,323,-1,-1,326,327,-1,-1,-1,331,332,333,334,-1,336,337,338,-1,-1,341,-1,343,-1,-1,-1,347,348,349,-1,-1,-1,353,-1,-1,356,357,358,359,-1,-1,-1,363,364,-1,366,-1,-1,369,-1,-1,372,373,-1,-1,376,377,378,-1,-1,381,382,383,-1,385,-1,387,-1,389,-1,-1,392,-1,-1,395,-1,397,-1,-1,400,-1,402,-1,-1,405,406,407,-1,-1,410,411,-1,-1,-1,-1],